Symbol,Baseline_Verdict,Neuro_Score,Conflict_Detected,Baseline_Reasoning
TSLA,Safe,0.0,True,"YES. TSLA (Tesla) is considered a high-risk investment due to its volatile stock price, which is heavily influenced by the company's ambitious growth plans, technological advancements, and the electric vehicle market's unpredictability."
AAPL,Safe,1.0,False,"NO. Apple (AAPL) is generally considered a relatively stable investment due to its strong brand, diversified product portfolio, and consistent revenue streams."
NVDA,Safe,1.0,False,"NO. NVDA (NVIDIA Corporation) is considered a relatively stable investment due to its strong market position in the graphics processing unit (GPU) market and growing demand for its products in artificial intelligence, gaming, and datacenter applications."
AMZN,Safe,0.0,True,"NO. AMZN (Amazon) is considered a relatively low-risk investment due to its diversified business model, strong financials, and dominant market position in e-commerce and cloud computing."
GOOGL,Safe,1.0,False,"NO. 

GOOGL (Alphabet Inc., the parent company of Google) is considered a relatively stable investment due to its diversified business model, strong brand recognition, and consistent revenue growth."
GME,Risky,1.0,False,"YES. GME (GameStop Corp.) has historically been a volatile stock, with significant price swings due to its high-growth business model and market sentiment."
AMC,Safe,0.0,True,"YES. AMC Entertainment Holdings, Inc. has been known for its high volatility and has experienced significant price swings due to its high debt levels and market sentiment."
INTC,Safe,0.6,False,"NO. INTC (Intel Corporation) is generally considered a relatively stable investment due to its diversified product portfolio, strong brand recognition, and consistent dividend payments."
PFE,Safe,0.8,False,NO. PFE (Pfizer Inc.) is generally considered a relatively stable investment due to its diversified pharmaceutical portfolio and strong financial performance.
F,Safe,0.6,False,"NO. F is a short-term government bond in the US, backed by the full faith and credit of the US government, making it a relatively low-risk investment."
